station,stop,5,401,403,405,407
1st & Alder,S,07:30,09:20,12:35,16:35,19:35
East Portland,S,,,,,
The Oaks,,,,,,
Ferry,,,,,,
Golf Junction,S,07:08,09:00,12:12,16:12,19:15
Seventeenth Street,,,,,,
Sellwood Gardens,,,,,,
Ardenwald,,,,,,
Berkeley,,,,,,
Errol,,,,,,
Brookwild,,,,,,
Stanley,,,,,,
Wichita,,,,,,
Bell,,,,,,
Luther,,,,,,
Kendall,,,,,,
Somerfeldt,,,,,,
Watson,,,,,,
Lents Junction,S,06:50,08:43,11:53,15:53,19:00
Arnaud,,,,,,
Gilbert,,,,,,
Ramapo,,,,,,
Bellrose,,,,,,
Wilson,,,,,,
Sycamore,,,,,,
Jenne,,,,,,
Meadowbrook,,,,,,
Linnemann Junction,S,06:35,08:30,11:40,15:40,18:50
Brunner,,,,,,
Ruby Junction,S,06:29,08:20,11:34,15:34,18:44
Neal,,,,,,
Gresham (Mt. Hood),S,06:25,08:15,11:30,15:30,18:40
Cleveland Avenue,,,,,,
Powell Valley,,,,,,
Gustavus,,,,,,
Welches Spur,,,,,,
Gillis,,,,,,
Orient,,,,,,
Pleasant Home,S,06:10,07:58,11:15,15:15,18:25
Scenic,,-,,,,
Cottrell,S,-,07:52,11:10,15:10,18:20
Mabery,,-,,,,
Willog Spur,,-,,,,
Baraboo,,-,,,,
Bull Run Park,,-,,,,
Cameron Spur,,-,,,,
Bull Run,S,-,07:30,10:50,14:50,18:00
