station,stop,6,400,402,404,406
1st & Alder,S,-,08:45,12:45,15:45,17:55
East Portland,S,-,,,,
The Oaks,,-,,,,
Ferry,,-,,,,
Golf Junction,S,05:05,09:05,13:05,16:05,18:13
Seventeenth Street,,,,,,
Sellwood Gardens,,,,,,
Ardenwald,,,,,,
Berkeley,,,,,,
Errol,,,,,,
Brookwild,,,,,,
Stanley,,,,,,
Wichita,,,,,,
Bell,,,,,,
Luther,,,,,,
Kendall,,,,,,
Somerfeldt,,,,,,
Watson,,,,,,
Lents Junction,S,05:20,09:22,13:22,16:22,18:32
Arnaud,,,,,,
Gilbert,,,,,,
Ramapo,,,,,,
Bellrose,,,,,,
Wilson,,,,,,
Sycamore,,,,,,
Jenne,,,,,,
Meadowbrook,,,,,,
Linnemann Junction,S,05:33,09:40,13:40,16:40,18:50
Brunner,,,,,,
Ruby Junction,S,05:37,09:44,13:44,16:45,18:55
Neal,,,,,,
Gresham (Mt. Hood),S,05:43,09:50,13:50,16:50,19:00
Cleveland Avenue,,,,,,
Powell Valley,,,,,,
Gustavus,,,,,,
Welches Spur,,,,,,
Gillis,,,,,,
Orient,,,,,,
Pleasant Home,S,06:00,10:04,14:04,17:04,19:15
Scenic,,-,,,,
Cottrell,S,-,10:09,~14:09,17:09,19:20
Mabery,,-,,,,
Willog Spur,,-,,,,
Baraboo,,-,,,,
Bull Run Park,,-,,,,
Cameron Spur,,-,,,,
Bull Run,S,-,10:30,14:30,17:30,19:40
