station,stop,63,65,399,67,69,71,73,75,77,79,81,83,85,87,89,91
Montavilla,S,06:15,07:10,-,08:35,-,10:35,-,12:35,-,14:35,-,16:30,17:40,18:45,-,-
Russellville,,,,-,,-,,-,,-,,-,,,,-,-
Brunswick,,,,-,,-,,-,,-,,-,,,,-,-
Nendel,,,,-,,-,,-,,-,,-,,,,-,-
Ventura Park,,,,-,,-,,-,,-,,-,,,,-,-
Varnell,,,,-,,-,,-,,-,,-,,,,-,-
West Ascot,,,,-,,-,,-,,-,,-,,,,-,-
Ascot,,,,-,,-,,-,,-,,-,,,,-,-
East Ascot,,,,-,,-,,-,,-,,-,,,,-,-
Elwood,,,,-,,-,,-,,-,,-,,,,-,-
Verdanta,,,,-,,-,,-,,-,,-,,,,-,-
Rockwood,,,,-,,-,,-,,-,,-,,,,-,-
Hope,,,,-,,-,,-,,-,,-,,,,-,-
Eastwood,,,,-,,-,,-,,-,,-,,,,-,-
Linnemann Junction,S,-,-,07:35,-,09:35,-,11:35,-,13:35,-,15:35,-,-,-,19:40,20:15
Brunner,,-,-,,-,,-,,-,,-,,-,-,-,,
Ruby Junction (arrive),S,05:58,06:53,07:30,08:20,09:28,10:18,11:28,12:18,13:28,14:18,15:28,16:13,17:23,18:30,19:31,20:11
Ruby Junction (leave),S,-,-,-,-,-,-,-,-,-,-,-,-,-,-,-,-
Base Line,,,,-,,,,,,,,,,,,,
Baird's Dale,,,,-,,,,,,,,,,,,,
Osborn,,,,-,,,,,,,,,,,,,
Cleone,,,,-,,,,,,,,,,,,,
Fairview,,,,-,,,,,,,,,,,,,
Arata,,,,-,,,,,,,,,,,,,
Multnomah Farm,,,,-,,,,,,,,,,,,,
Keady,,,,-,,,,,,,,,,,,,
Troutdale,S,05:45,06:40,-,08:00,09:15,10:05,11:15,12:05,13:15,14:05,15:15,16:00,17:10,18:15,19:20,20:00
