station,stop,64,66,398,68,70,72,74,76,78,80,82,84,86,88,90
Montavilla,S,06:15,07:15,-,08:45,-,10:35,-,12:35,-,14:35,-,16:30,17:50,18:55,-
Russellville,,,,-,,-,,-,,-,,-,,,,-
Brunswick,,,,-,,-,,-,,-,,-,,,,-
Nendel,,,,-,,-,,-,,-,,-,,,,-
Ventura Park,,,,-,,-,,-,,-,,-,,,,-
Varnell,,,,-,,-,,-,,-,,-,,,,-
West Ascot,,,,-,,-,,-,,-,,-,,,,-
Ascot,,,,-,,-,,-,,-,,-,,,,-
East Ascot,,,,-,,-,,-,,-,,-,,,,-
Elwood,,,,-,,-,,-,,-,,-,,,,-
Verdanta,,,,-,,-,,-,,-,,-,,,,-
Rockwood,,,,-,,-,,-,,-,,-,,,,-
Hope,,,,-,,-,,-,,-,,-,,,,-
Eastwood,,,,-,,-,,-,,-,,-,,,,-
Linnemann Junction,S,-,-,07:38,-,09:43,-,11:43,-,13:43,-,15:43,-,-,-,19:40
Brunner,,-,-,,-,,-,,-,,-,,-,-,-,
Ruby Junction (arrive),S,06:30,07:30,07:41,09:00,09:46,10:50,11:46,12:50,13:46,14:50,15:46,16:45,18:05,19:10,19:45
Ruby Junction (leave),S,-,07:41,-,-,-,-,-,-,-,-,-,-,-,-,-
Base Line,,,,-,,,,,,,,,,,,
Baird's Dale,,,,-,,,,,,,,,,,,
Osborn,,,,-,,,,,,,,,,,,
Cleone,,,,-,,,,,,,,,,,,
Fairview,,,,-,,,,,,,,,,,,
Arata,,,,-,,,,,,,,,,,,
Multnomah Farm,,,,-,,,,,,,,,,,,
Keady,,,,-,,,,,,,,,,,,
Troutdale,S,06:40,07:52,-,09:10,10:00,11:05,12:00,13:05,14:00,15:05,16:00,16:55,18:15,19:20,20:00
