station,stop,0430,0523,0551,0625,0630,0700,0730,0800,0830,0900,0930,1000,1030,1100,1130,1200,1230,1300,1330,1400,1430,1500,1530,1600,1630,1700,1730,1800,1830,1900,1930,2000,2030,2100,2200,2315,2359
1st & Alder,S,04:30,-,-,-,06:30,07:00,07:30,08:00,08:30,09:00,09:30,10:00,10:30,11:00,11:30,12:00,12:30,13:00,13:30,14:00,14:30,15:00,15:30,16:00,16:30,17:00,17:30,18:00,18:30,19:00,19:30,20:00,20:30,21:00,22:00,23:15,23:59
East Portland,S,,-,-,-,,,,,,,,,,,,,,,,,,,,,,,,,,,,,,,,,
The Oaks,,,-,-,-,,,,,,,,,,,,,,,,,,,,,,,,,,,,,,,,,
Ferry,,,-,-,-,,,,,,,,,,,,,,,,,,,,,,,,,,,,,,,,,
Golf Junction,S,,05:23,05:51,06:25,,,,,,,,,,,,,,,,,,,,,,,,,,,,,,,,,
Ardgour,,,,,,,,,,,,,,,,,,,,,,,,,,,,,,,,,,,,,,
Overlinks,,,,,,,,,,,,,,,,,,,,,,,,,,,,,,,,,,,,,,
Knight,,,,,,,,,,,,,,,,,,,,,,,,,,,,,,,,,,,,,,
Hendee,,,,,,,,,,,,,,,,,,,,,,,,,,,,,,,,,,,,,,
Milwaukie,S,,,,,,,,,,,,,,,,,,,,,,,,,,,,,,,,,,,,,
Island,,,,,,,,,,,,,,,,,,,,,,,,,,,,,,,,,,,,,,
Lakewood,,,,,,,,,,,,,,,,,,,,,,,,,,,,,,,,,,,,,,
Evergreen,,,,,,,,,,,,,,,,,,,,,,,,,,,,,,,,,,,,,,
Silver Spring,,,,,,,,,,,,,,,,,,,,,,,,,,,,,,,,,,,,,,
Courtney,,,,,,,,,,,,,,,,,,,,,,,,,,,,,,,,,,,,,,
St. Theresa,,,,,,,,,,,,,,,,,,,,,,,,,,,,,,,,,,,,,,
Oak Grove,S,,,,,,,,,,,,,,,,,,,,,,,,,,,,,,,,,,,,,
Rupert,,,,,,,,,,,,,,,,,,,,,,,,,,,,,,,,,,,,,,
Risley,,,,,,,,,,,,,,,,,,,,,,,,,,,,,,,,,,,,,,
Concord,,,,,,,,,,,,,,,,,,,,,,,,,,,,,,,,,,,,,,
Vineyard,,,,,,,,,,,,,,,,,,,,,,,,,,,,,,,,,,,,,,
Naef,,,,,,,,,,,,,,,,,,,,,,,,,,,,,,,,,,,,,,
Rothe,,,,,,,,,,,,,,,,,,,,,,,,,,,,,,,,,,,,,,
Boardman,S,,,,,,,,,,,,,,,,,,,,,,,,,,,,,,,,,,,,,
Jennings Lodge,S,,,,,,,,,,,,,,,,,,,,,,,,,,,,,,,,,,,,,
Hull Avenue,,,,,,,,,,,,,,,,,,,,,,,,,,,,,,,,,,,,,,
Meldrum,,,,,,,,,,,,,,,,,,,,,,,,,,,,,,,,,,,,,,
Glen Echo,,,,,,,,,,,,,,,,,,,,,,,,,,,,,,,,,,,,,,
Fern Ridge,,,,,,,,,,,,,,,,,,,,,,,,,,,,,,,,,,,,,,
Gladstone,S,,,,,,,,,,,,,,,,,,,,,,,,,,,,,,,,,,,,,
Park Place,,,,,,,,,,,,,,,,,,,,,,,,,,,,,,,,,,,,,,
Oregon City 14th & Main,S,,,,,,,,,,,,,,,,,,,,,,,,,,,,,,,,,,,,,
Oregon City,S,~05:25,~05:58,~06:26,~07:00,~07:25,~07:55,~08:25,~08:55,~09:25,~09:55,~10:25,~10:55,~11:25,~11:55,~12:25,~12:55,~13:25,~13:55,~14:25,~14:55,~15:25,~15:55,~16:25,~16:55,~17:25,~17:55,~18:25,~18:55,~19:25,~19:55,~20:25,~20:55,~21:25,~21:55,~22:55,~24:10,~24:54
