station,stop,101,103,105,107,109,111,113,115,117,119,121,123,125,129,131,133,135,137,139,141,143,145,147,149,151,153,155,157,159,161,163,165,167,169,171,173,175,177,179
1st & Alder,S,06:25,06:45,07:17,07:40,08:15,08:55,09:25,09:55,10:25,10:55,11:25,11:55,12:25,12:55,13:25,13:55,14:25,14:55,15:25,15:55,16:25,16:55,17:25,17:55,18:25,18:55,19:25,19:55,20:25,20:55,-,21:30,22:15,-,23:05,23:59,-,-,-
East Portland,S,,,,-,-,,,,,,,,,,,,,,,,,,,,,,,,,,-,,,-,,,-,-,-
The Oaks,,,,,-,-,,,,,,,,,,,,,,,,,,,,,,,,,,-,,,-,,,-,-,-
Ferry,,,,,-,-,,,,,,,,,,,,,,,,,,,,,,,,,,-,,,-,,,-,-,-
Golf Junction,S,,06:18,06:53,07:21,07:52,08:30,09:00,09:30,10:00,10:30,11:00,11:30,11:59,12:30,13:00,13:30,14:00,14:30,15:00,15:30,16:00,16:30,17:00,17:31,18:01,18:31,19:00,19:30,20:00,20:30,20:50,21:07,21:47,22:07,22:43,23:37,23:59,25:00,25:35
Ardgour,,,,,-,-,,,,,,,,,,,,,,,,,,,,,,,,,,,,,,,,,,
Overlinks,,,,,-,-,,,,,,,,,,,,,,,,,,,,,,,,,,,,,,,,,,
Knight,,,,,-,-,,,,,,,,,,,,,,,,,,,,,,,,,,,,,,,,,,
Hendee,,,,,-,-,,,,,,,,,,,,,,,,,,,,,,,,,,,,,,,,,,
Milwaukie,S,05:53,,,-,-,,,,,,,,,,,,,,,,,,,,,,,,,,,,,,,,,,
Island,,-,,,,,,,,,,,,,,,,,,,,,,,,,,,,,,,,,,,,,,
Lakewood,,-,,,,,,,,,,,,,,,,,,,,,,,,,,,,,,,,,,,,,,
Evergreen,,-,,,,,,,,,,,,,,,,,,,,,,,,,,,,,,,,,,,,,,
Silver Spring,,-,,,,,,,,,,,,,,,,,,,,,,,,,,,,,,,,,,,,,,
Courtney,,-,,,,,,,,,,,,,,,,,,,,,,,,,,,,,,,,,,,,,,
St. Theresa,,-,,,,,,,,,,,,,,,,,,,,,,,,,,,,,,,,,,,,,,
Oak Grove,S,-,,,,,,,,,,,,,,,,,,,,,,,,,,,,,,,,,,,,,,
Rupert,,-,,,,,,,,,,,,,,,,,,,,,,,,,,,,,,,,,,,,,,
Risley,,-,,,,,,,,,,,,,,,,,,,,,,,,,,,,,,,,,,,,,,
Concord,,-,,,,,,,,,,,,,,,,,,,,,,,,,,,,,,,,,,,,,,
Vineyard,,-,,,,,,,,,,,,,,,,,,,,,,,,,,,,,,,,,,,,,,
Naef,,-,,,,,,,,,,,,,,,,,,,,,,,,,,,,,,,,,,,,,,
Rothe,,-,,,,,,,,,,,,,,,,,,,,,,,,,,,,,,,,,,,,,,
Boardman,,-,,,,,,,,,,,,,,,,,,,,,,,,,,,,,,,,,,,,,,
Jennings Lodge,,-,,,,,,,,,,,,,,,,,,,,,,,,,,,,,,,,,,,,,,
Hull Avenue,,-,,,,,,,,,,,,,,,,,,,,,,,,,,,,,,,,,,,,,,
Meldrum,,-,,,,,,,,,,,,,,,,,,,,,,,,,,,,,,,,,,,,,,
Glen Echo,,-,,,,,,,,,,,,,,,,,,,,,,,,,,,,,,,,,,,,,,
Fern Ridge,,-,,,,,,,,,,,,,,,,,,,,,,,,,,,,,,,,,,,,,,
Gladstone,S,-,,,,,,,,,,,,,,,,,,,,,,,,,,,,,,,,,,,,,,
Park Place,,-,,,,,,,,,,,,,,,,,,,,,,,,,,,,,,,,,,,,,,
Oregon City 14th & Main,,-,,,,,,,,,,,,,,,,,,,,,,,,,,,,,,,,,,,,,,
Oregon City,S,-,05:46,06:17,06:47,07:17,07:58,08:28,08:58,09:28,09:58,10:28,10:58,11:28,11:58,12:28,12:58,13:28,13:58,14:28,14:58,15:28,15:58,16:28,16:58,17:28,17:58,18:28,18:58,19:28,19:58,20:10,20:35,21:15,21:35,22:10,23:05,23:30,24:30,25:05
Canemah Park,S,-,05:40,06:10,06:40,07:10,07:50,08:20,08:50,09:20,09:50,10:20,10:50,11:20,11:50,12:20,12:50,13:20,13:50,14:20,14:50,15:20,15:50,16:20,16:50,17:20,17:50,18:20,18:50,19:20,19:50,20:05,20:30,21:10,21:30,22:05,23:00,23:28,24:25,25:00
