station,mile,stop,1,7,3,5
Oregon City,0.0,S,08:30,10:30,14:30,18:25
Kansas City,0.7,,08:24,10:24,14:24,18:19
Collis,1.3,,08:22,10:22,14:22,18:17
Campine,1.7,,08:21,10:21,14:21,18:16
McBain,2.1,,08:20,10:20,14:20,18:15
Maple Lane,3.4,,08:15,10:15,14:15,18:10
Robbins,3.8,,08:14,10:14,14:14,18:09
Glen Oak,4.7,,08:12,10:12,14:12,18:07
Swift,5.3,,08:11,10:11,14:11,18:06
Beaver Creek,6.9,S,08:07,10:07,14:07,18:02
Ingram,8.4,,08:02,10:03,14:03,17:58
Spangler,9.3,,07:59,10:00,14:00,17:55
Lewis,9.7,,07:57,09:58,13:58,17:53
Buckner Creek,12.1,,07:48,09:47,13:48,17:43
Howard,13.5,,07:43,09:42,13:43,17:38
Mulino,14.0,,07:41,09:40,13:41,17:36
North Liberal,15.9,,07:38,09:38,13:38,17:33
Liberal,16.5,,07:36,09:36,13:36,17:31
Huntley,17.0,,07:35,09:35,13:35,17:30
Richard,18.2,,07:33,09:33,13:33,17:28
Molalla,19.2,S,07:30,~09:30,13:30,17:25
Kayler,20.5,,07:27,09:27,13:27,17:22
Ogle,21.6,,07:25,09:25,13:25,17:20
Hitchman,22.6,,07:23,09:23,13:23,17:18
Yoder,24.1,,07:20,09:20,13:20,17:15
Busch,25.3,,07:17,09:17,13:17,17:12
Wilda,26.4,,07:15,09:15,13:15,17:10
Harding,26.9,,07:13,09:13,13:13,17:08
Monitor,28.4,S,07:09,09:09,13:09,17:04
Dominic,29.7,,07:06,09:06,13:06,17:01
Berning,30.9,,07:03,09:03,13:03,16:58
College,31.6,,07:02,09:02,13:02,16:57
Mt. Angel,31.9,S,07:00,09:00,13:00,16:55
