station,mile,stop,8,2,4,6
Oregon City,0.0,S,07:25,08:50,14:50,18:30
Kansas City,0.7,,07:28,08:53,14:53,18:33
Collis,1.3,,07:31,08:56,14:56,18:36
Campine,1.7,,07:33,08:58,14:58,18:38
McBain,2.1,,07:34,08:59,14:59,18:39
Maple Lane,3.4,,07:40,09:05,15:05,18:45
Robbins,3.8,,07:41,09:06,15:06,18:46
Glen Oak,4.7,,07:43,09:08,15:08,18:48
Swift,5.3,,07:44,09:09,15:09,18:49
Beaver Creek,6.9,S,07:48,09:13,15:13,18:53
Ingram,8.4,,07:52,09:17,15:17,18:57
Spangler,9.3,,07:55,09:20,15:20,19:00
Lewis,9.7,,07:57,09:22,15:22,19:02
Buckner Creek,12.1,,08:06,09:31,15:31,19:11
Howard,13.5,,08:11,09:36,15:36,19:16
Mulino,14.0,,08:14,09:40,15:39,19:19
North Liberal,15.9,,08:17,09:43,15:42,19:22
Liberal,16.5,,08:19,09:44,15:44,19:24
Huntley,17.0,,08:20,09:45,15:45,19:25
Richard,18.2,,08:22,09:47,15:47,19:27
Molalla,19.2,S,08:25,09:50,15:50,19:30
Kayler,20.5,,08:28,09:53,15:53,19:33
Ogle,21.6,,08:30,09:55,15:55,19:35
Hitchman,22.6,,08:32,09:57,15:57,19:37
Yoder,24.1,,08:35,10:00,16:00,19:40
Busch,25.3,,08:38,10:03,16:03,19:43
Wilda,26.4,,08:40,10:05,16:05,19:45
Harding,26.9,,08:42,10:07,16:07,19:47
Monitor,28.4,S,08:46,10:11,16:11,19:51
Dominic,29.7,,08:49,10:14,16:14,19:54
Berning,30.9,,08:52,10:17,16:17,19:57
College,31.6,,08:53,10:18,16:18,19:58
Mt. Angel,31.9,S,08:55,10:20,16:20,20:00
