station,stop,4,2,10,12,14,16,18,20,22,28,30,32,34,36,38,40
1st & Alder,S,-,04:40,06:45,07:45,09:45,10:45,11:45,13:45,14:45,16:45,17:35,18:15,18:45,20:15,22:15,23:35
East Portland,S,-,,,,,,,,,,,,,,,
The Oaks,,-,,,,,,,,,,,,,,,
Ferry,,-,,,,,,,,,,,,,,,
Golf Junction,S,05:00,04:58,07:05,08:05,10:03,11:05,12:03,14:03,15:05,17:05,17:53,18:33,19:05,20:33,22:33,23:53
Seventeenth Street,,,,,,,,,,,,,,,,,
Sellwood Gardens,,,,,,,,,,,,,,,,,
Ardenwald,,,,,,,,,,,,,,,,,
Berkeley,,,,,,,,,,,,,,,,,
Errol,,,,,,,,,,,,,,,,,
Brookwild,,,,,,,,,,,,,,,,,
Stanley,,,,,,,,,,,,,,,,,
Wichita,,,,,,,,,,,,,,,,,
Bell,,,,,,,,,,,,,,,,,
Luther,,,,,,,,,,,,,,,,,
Kendall,,,,,,,,,,,,,,,,,
Somerfeldt,,,,,,,,,,,,,,,,,
Watson,,,,,,,,,,,,,,,,,
Lents Junction,S,05:16,05:15,07:22,08:22,10:21,11:22,12:21,14:21,15:22,17:22,18:12,18:52,19:22,20:50,22:50,24:10
Arnaud,,,,,,,,,,,,,-,,,,
Gilbert,,,,,,,,,,,,,-,,,,
Ramapo,,,,,,,,,,,,,-,,,,
Bellrose,,,,,,,,,,,,,-,,,,
Wilson,,,,,,,,,,,,,-,,,,
Sycamore,,,,,,,,,,,,,-,,,,
Jenne,,,,,,,,,,,,,-,,,,
Meadowbrook,,,,,,,,,,,,,-,,,,
Linnemann Junction,S,05:28,05:25,07:40,08:40,10:33,11:40,12:33,14:33,15:40,17:40,18:30,-,19:40,21:03,23:01,24:21
Cotton,,,,,,,,,,,,,-,,,,
Gresham (O.W.P.),S,05:34,05:35,07:45,08:45,10:40,11:45,12:40,14:40,15:45,17:45,18:35,-,19:45,21:10,23:10,24:25
Schiller,,-,,,-,-,,-,-,,,-,-,,-,-,-
Palmblad,,-,,,-,-,,-,-,,,-,-,,-,-,-
Anderson,,-,,,-,-,,-,-,,,-,-,,-,-,-
Hoover Spur,,-,,,-,-,,-,-,,,-,-,,-,-,-
Haley,,-,,,-,-,,-,-,,,-,-,,-,-,-
Boring,S,-,05:52,07:59,-,-,11:59,-,-,15:59,17:59,-,-,19:59,-,-,-
Siefer,,-,,,-,-,,-,-,,,-,-,,-,-,-
Pages Spur,,-,,,-,-,,-,-,,,-,-,,-,-,-
Norris Spur,,-,,,-,-,,-,-,,,-,-,,-,-,-
Chandler Spur,,-,,,-,-,,-,-,,,-,-,,-,-,-
Barton,S,-,,,-,-,,-,-,,,-,-,,-,-,-
Deep Creek,,-,,,-,-,,-,-,,,-,-,,-,-,-
Riverby,,-,,,-,-,,-,-,,,-,-,,-,-,-
Suttle Spur,,-,,,-,-,,-,-,,,-,-,,-,-,-
Glovers,,-,,,-,-,,-,-,,,-,-,,-,-,-
Eagle Creek,S,-,06:06,08:13,-,-,12:13,-,-,16:13,18:13,-,-,20:13,-,-,-
Cedarbrook,,-,,,-,-,,-,-,,,-,-,,-,-,-
Alspaugh,,-,,,-,-,,-,-,,,-,-,,-,-,-
Millers Spur,,-,,,-,-,,-,-,,,-,-,,-,-,-
Currinsville,,-,,,-,-,,-,-,,,-,-,,-,-,-
Morrow,,-,,,-,-,,-,-,,,-,-,,-,-,-
River Mill,,-,,,-,-,,-,-,,,-,-,,-,-,-
Estacada,S,-,06:20,08:24,-,-,12:24,-,-,16:24,18:26,-,-,20:24,-,-,-
Faraday,,-,,,-,-,,-,-,,-,-,-,,-,-,-
Cazadero,S,-,06:30,08:30,-,-,12:30,-,-,16:30,-,-,-,20:30,-,-,-
