station,stop,3,9,11,15,17,19,21,Ex,27,29,31,33,91,35,37,39,1
1st & Alder,S,06:45,08:35,10:35,11:35,13:35,14:35,15:35,17:40,18:35,-,-,19:55,21:05,22:05,22:40,-,-
East Portland,S,,,,,,,,,,-,-,,,,,-,-
The Oaks,,,,,,,,,,,-,-,,,,,-,-
Ferry,,,,,,,,,,,-,-,,,,,-,-
Golf Junction,S,06:16,08:12,10:12,11:14,13:14,14:12,15:14,17:17,18:12,19:10,19:15,19:36,20:40,21:46,22:20,23:50,25:00
Seventeenth Street,,,,,,,,,,,,,,,,,,
Sellwood Gardens,,,,,,,,,,,,,,,,,,
Ardenwald,,,,,,,,,,,,,,,,,,
Berkeley,,,,,,,,,,,,,,,,,,
Errol,,,,,,,,,,,,,,,,,,
Brookwild,,,,,,,,,,,,,,,,,,
Stanley,,,,,,,,,,,,,,,,,,
Wichita,,,,,,,,,,,,,,,,,,
Bell,,,,,,,,,,,,,,,,,,
Luther,,,,,,,,,,,,,,,,,,
Kendall,,,,,,,,,,,,,,,,,,
Somerfeldt,,,,,,,,,,,,,,,,,,
Watson,,,,,,,,,,,,,,,,,,
Lents Junction,S,05:59,07:53,09:53,10:57,12:57,13:53,14:57,16:58,17:53,18:54,18:58,19:22,20:25,21:32,22:03,23:32,24:45
Arnaud,,,,,,,,,,,-,,,,,,,
Gilbert,,,,,,,,,,,-,,,,,,,
Ramapo,,,,,,,,,,,-,,,,,,,
Bellrose,,,,,,,,,,,-,,,,,,,
Wilson,,,,,,,,,,,-,,,,,,,
Sycamore,,,,,,,,,,,-,,,,,,,
Jenne,,,,,,,,,,,-,,,,,,,
Meadowbrook,,,,,,,,,,,-,,,,,,,
Linnemann Junction,S,05:45,07:40,09:40,10:44,12:44,13:40,14:44,16:45,17:40,-,18:45,19:10,20:15,21:20,21:50,23:20,24:34
Cotton,,,,,,,,,,,-,,,-,,,,
Gresham (O.W.P.),S,05:40,07:33,09:34,10:40,12:40,13:34,14:40,16:40,17:34,-,18:40,19:06,-,21:15,21:45,23:15,24:30
Schiller,,-,,,-,-,,-,-,,-,-,,-,-,,-,-
Palmblad,,-,,,-,-,,-,-,,-,-,,-,-,,-,-
Anderson,,-,,,-,-,,-,-,,-,-,,-,-,,-,-
Hoover Spur,,-,,,-,-,,-,-,,-,-,,-,-,,-,-
Haley,,-,,,-,-,,-,-,,-,-,,-,-,,-,-
Boring,S,-,07:18,09:19,-,-,13:19,-,-,17:19,-,-,18:53,-,-,21:30,-,-
Siefer,,-,,,-,-,,-,-,,-,-,,-,-,,-,-
Pages Spur,,-,,,-,-,,-,-,,-,-,,-,-,,-,-
Norris Spur,,-,,,-,-,,-,-,,-,-,,-,-,,-,-
Chandler Spur,,-,,,-,-,,-,-,,-,-,,-,-,,-,-
Barton,S,-,,,-,-,,-,-,,-,-,,-,-,,-,-
Deep Creek,,-,,,-,-,,-,-,,-,-,,-,-,,-,-
Riverby,,-,,,-,-,,-,-,,-,-,,-,-,,-,-
Suttle Spur,,-,,,-,-,,-,-,,-,-,,-,-,,-,-
Glovers,,-,,,-,-,,-,-,,-,-,,-,-,,-,-
Eagle Creek,S,-,07:02,09:04,-,-,13:04,-,-,17:04,-,-,18:41,-,-,21:14,-,-
Cedarbrook,,-,,,-,-,,-,-,,-,-,,-,-,,-,-
Alspaugh,,-,,,-,-,,-,-,,-,-,,-,-,,-,-
Millers Spur,,-,,,-,-,,-,-,,-,-,,-,-,,-,-
Currinsville,,-,,,-,-,,-,-,,-,-,,-,-,,-,-
Morrow,,-,,,-,-,,-,-,,-,-,,-,-,,-,-
River Mill,,-,,,-,-,,-,-,,-,-,,-,-,,-,-
Estacada,S,-,06:48,08:52,-,-,12:52,-,-,16:52,-,-,18:30,-,-,21:00,-,-
Faraday,,-,,,-,-,,-,-,,-,-,-,-,-,,-,-
Cazadero,S,-,06:40,08:45,-,-,12:45,-,-,16:45,-,-,-,-,-,20:50,-,-
